2026/09/24 13:47:12.590, NVIDIA RTX 2000 Ada Generation, 2 MiB, 16380 MiB, 0 %
2026/09/24 13:47:13.794, NVIDIA RTX 2000 Ada Generation, 2 MiB, 16380 MiB, 0 %
2026/09/24 13:47:15.006, NVIDIA RTX 2000 Ada Generation, 2 MiB, 16380 MiB, 0 %
2026/09/24 13:47:16.222, NVIDIA RTX 2000 Ada Generation, 894 MiB, 16380 MiB, 0 %
2026/09/24 13:47:17.413, NVIDIA RTX 2000 Ada Generation, 894 MiB, 16380 MiB, 0 %
2026/09/24 13:47:18.621, NVIDIA RTX 2000 Ada Generation, 894 MiB, 16380 MiB, 0 %
2026/09/24 13:47:19.809, NVIDIA RTX 2000 Ada Generation, 894 MiB, 16380 MiB, 17 %
2026/09/24 13:47:21.014, NVIDIA RTX 2000 Ada Generation, 894 MiB, 16380 MiB, 0 %
2026/09/24 13:47:22.211, NVIDIA RTX 2000 Ada Generation, 894 MiB, 16380 MiB, 0 %
2026/09/24 13:47:23.383, NVIDIA RTX 2000 Ada Generation, 894 MiB, 16380 MiB, 99 %
2026/09/24 13:47:24.611, NVIDIA RTX 2000 Ada Generation, 894 MiB, 16380 MiB, 0 %
2026/09/24 13:47:25.810, NVIDIA RTX 2000 Ada Generation, 894 MiB, 16380 MiB, 0 %
2026/09/24 13:47:27.009, NVIDIA RTX 2000 Ada Generation, 894 MiB, 16380 MiB, 0 %
2026/09/24 13:47:28.189, NVIDIA RTX 2000 Ada Generation, 894 MiB, 16380 MiB, 0 %
2026/09/24 13:47:29.409, NVIDIA RTX 2000 Ada Generation, 894 MiB, 16380 MiB, 0 %
2026/09/24 13:47:30.607, NVIDIA RTX 2000 Ada Generation, 894 MiB, 16380 MiB, 0 %
2026/09/24 13:47:31.809, NVIDIA RTX 2000 Ada Generation, 894 MiB, 16380 MiB, 0 %
2026/09/24 13:47:32.992, NVIDIA RTX 2000 Ada Generation, 446 MiB, 16380 MiB, 99 %
